Exercise Name,Main Muscles,Equipment,Movement Pattern,Mechanics,Level,Type,Laterality
3 Part Shoulder Warm-Up,"Rotator Cuff, Shoulders","",Mobility,"",Beginner,endurance,bilateral
45 Degree Hypertension: Glute Focused,Glutes,"","Bilateral (2 Arms and/or 2 Legs), Hip Hinge",Compound,Beginner,strength,bilateral
Ab Roller,Abs,"","Core Anti-Extension, Core",Isolation,Intermediate,endurance,bilateral
Active Leg Lowering,Abs,Bodyweight,"Core Anti-Extension, Unilateral (Single Arm or Leg)",Isolation,Beginner,endurance,bilateral
Active Leg Lowering To Bolster,Abs,Bodyweight,"Core Anti-Extension, Ipsilateral (Same Side Arm & Leg)",Isolation,Beginner,endurance,bilateral
Adductor Barbell Rolling,Adductors,Barbell,Mobility,"",Intermediate,general,bilateral
Adductor Machine,,,,,Beginner,strength,bilateral
Adductor Stretch,Adductors,Bodyweight,Static Stretches,"",Beginner,general,bilateral
Adductor Stretch and Rotation,"Adductors, Middle Back, Shoulders",Bodyweight,Mobility,"",Beginner,general,bilateral
Against Wall Split Stance Calf Stretch,Calves,Bodyweight,Static Stretches,"",Beginner,general,bilateral
Alternate March,Abs,Bodyweight,"Alternating, Core Anti-Extension",Isolation,Beginner,endurance,bilateral
Alternate March - Hips 90 Degrees,Abs,Bodyweight,"Core Anti-Extension, Alternating",Isolation,Beginner,endurance,bilateral
Alternating Barbell Reverse Lunge,"Abductors, Glutes, Quads",Barbell,"Alternating, Lunge",Compound,Intermediate,strength,bilateral
Alternating Deficit Reverse Lunge,"Glutes, Quads","Bodyweight, Box/Step","Alternating, Lunge",Compound,Intermediate,endurance,bilateral
Alternating Dumbbell Curl,Biceps,Dumbbell,Alternating,Isolation,Beginner,strength,bilateral
Alternating Dumbbell Deficit Reverse Lunge,"Glutes, Quads","Dumbbell, Box/Step","Lunge, Alternating",Compound,Intermediate,strength,bilateral
Alternating Dumbbell Lunge,"Glutes, Quads","","Alternating, Lunge",Compound,Intermediate,strength,bilateral
Alternating Dumbbell Reverse Lunge,"Glutes, Quads",Dumbbell,"Lunge, Alternating",Compound,Intermediate,strength,bilateral
Alternating Dumbbell Step Up,"Glutes, Quads","Dumbbell, Box/Step, Bench","Alternating, Lunge",Compound,Intermediate,strength,bilateral
Alternating Dumbbell Zottman Curl,"Forearms, Biceps",Dumbbell,"Elbow Flexion, Alternating",Isolation,Beginner,strength,bilateral
Alternating Flat Dumbbell Press,"Chest, Shoulders, Triceps","Bench, Dumbbell","Horizontal Push, Alternating",Compound,Beginner,strength,bilateral
Alternating Floor Dumbbell Press,"Chest, Shoulders, Triceps",Dumbbell,"Horizontal Push, Alternating",Compound,Beginner,strength,bilateral
Alternating Incline Dumbbell Curl,Biceps,"Bench, Dumbbell","Alternating, Elbow Flexion",Isolation,Beginner,strength,bilateral
Alternating Incline Dumbbell Neutral Curl,Biceps,"Dumbbell, Bench","Elbow Flexion, Alternating",Isolation,Beginner,strength,bilateral
Alternating Incline Dumbbell Press,Chest,"Bench, Dumbbell","Horizontal Push, Alternating",Compound,Beginner,strength,bilateral
Alternating Incline Dumbbell Supinating Curl,Biceps,"Dumbbell, Bench","Elbow Flexion, Alternating",Isolation,Beginner,strength,bilateral
Alternating Incline Dumbbell Zottman Curl,"Biceps, Forearms","Dumbbell, Bench","Elbow Flexion, Alternating",Isolation,Beginner,strength,bilateral
Alternating Leg Lowering - Hover To Tap,Abs,Bodyweight,"Alternating, Core Anti-Extension",Isolation,Intermediate,endurance,bilateral
Alternating Leg Lowering - Slides,Abs,Bodyweight,"Core Anti-Extension, Alternating",Isolation,Intermediate,endurance,bilateral
Alternating Lunge,"Quads, Glutes",Bodyweight,"Lunge, Alternating",Compound,Beginner,endurance,bilateral
Alternating Neutral Dumbbell Curl,Biceps,Dumbbell,"Elbow Flexion, Alternating",Isolation,Beginner,strength,bilateral
Alternating Reverse Lunge,"Glutes, Quads",Bodyweight,"Lunge, Alternating",Compound,Beginner,endurance,bilateral
Alternating Step Up,"Glutes, Quads","Bodyweight, Box/Step, Bench","Alternating, Lunge",Compound,Beginner,endurance,bilateral
Ankle Banded Lateral Walk,Abductors,Short Band,Bilateral (2 Arms and/or 2 Legs),Isolation,Beginner,endurance,bilateral
Anterior Neck Mobilisation - Lacrosse Ball,Neck,Lacrosse Ball,Mobility,Isolation,Beginner,general,bilateral
Assault Bike,,,,,Intermediate,strength,bilateral
Assisted Ab Roller,Abs,"","Core Anti-Extension, Bilateral (2 Arms and/or 2 Legs), Core",Isolation,Beginner,endurance,bilateral
Assisted Hip Airplane,,,,,Beginner,strength,bilateral
Assisted Leg Lowering,Abs,Long Band,"Core Anti-Extension, Alternating",Isolation,Beginner,endurance,bilateral
Assisted Leg Lowering To Bolster,Abs,Long Band,"Core Anti-Extension, Unilateral (Single Arm or Leg)",Isolation,Beginner,endurance,bilateral
B-Stance BB Glute Bridge (Mini Band),Glutes,Barbell,"Hip Hinge, Unilateral (Single Arm or Leg)",Compound,Intermediate,strength,bilateral
B-Stance BB Hip Thrust with Mini Band,"Glutes, Hamstrings","Barbell, Bench","Hip Hinge, Unilateral (Single Arm or Leg)",Compound,Intermediate,strength,bilateral
B-Stance Barbell Hip Thrust,"Glutes, Hamstrings",Barbell,"Hip Hinge, Unilateral (Single Arm or Leg)",Compound,Intermediate,strength,bilateral
B-Stance Barbell RDL,"Glutes, Hamstrings, Lower Back, Middle Back",Barbell,"Hip Hinge, Unilateral (Single Arm or Leg)",Compound,Intermediate,strength,bilateral
B-Stance Bosu Ball BB Glute Bridge,"Glutes, Hamstrings",Barbell,"Hip Hinge, Unilateral (Single Arm or Leg)",Compound,Intermediate,strength,bilateral
B-Stance DB Glute Bridge w Mini Band,"Glutes, Hamstrings","Short Band, Dumbbell","Hip Hinge, Unilateral (Single Arm or Leg)",Compound,Beginner,strength,bilateral
B-Stance Dumbbell Glute Bridge,"Glutes, Hamstrings",Dumbbell,"Unilateral (Single Arm or Leg), Hip Hinge",Compound,Beginner,strength,bilateral
B-Stance Glute Bridge,"Hamstrings, Glutes",Bodyweight,"Hip Hinge, Unilateral (Single Arm or Leg)",Compound,Beginner,endurance,bilateral
B-Stance Glute Bridge (Mini Band),"Glutes, Hamstrings",Bodyweight,"Hip Hinge, Unilateral (Single Arm or Leg)",Compound,Beginner,endurance,bilateral
B-Stance Hip Thrust,"Hamstrings, Glutes","Bodyweight, Bench, Box/Step","Hip Hinge, Unilateral (Single Arm or Leg)",Compound,Beginner,endurance,bilateral
B-Stance Hip Thrust (Mini Band),"Hamstrings, Glutes","Bodyweight, Box/Step, Bench","Hip Hinge, Unilateral (Single Arm or Leg)",Compound,Beginner,endurance,bilateral
B-Stance Kettlebell Glute Bridge,"Chest, Hamstrings",Kettlebell,"Hip Hinge, Unilateral (Single Arm or Leg)",Compound,Beginner,strength,bilateral
B-Stance Leg Press,,,,,"",strength,bilateral
Backward Lean Banded Hip Abduction,Abductors,Short Band,Bilateral (2 Arms and/or 2 Legs),Isolation,Beginner,endurance,bilateral
Ball Slam,"",Medicine Ball,Plyometrics,Compound,Intermediate,strength,bilateral
Band Around Hips - Plank,Abs,Long Band,"Core Anti-Extension, Core Anti-Rotation",Isolation,Intermediate,timed,bilateral
Band Around Hips Side Plank,"Abs, Obliques","","Core Anti-Lateral Flexion, Core Anti-Rotation, Unilateral (Single Arm or Leg)",Isolation,Intermediate,timed,bilateral
Band Assisted Chin Up,"Lats, Biceps, Middle Back",Long Band,"Bilateral (2 Arms and/or 2 Legs), Vertical Pull",Compound,Intermediate,strength,bilateral
Band Assisted Close Grip Chin Up,"Middle Back, Lats, Biceps",Long Band,"Vertical Pull, Bilateral (2 Arms and/or 2 Legs)",Compound,Intermediate,endurance,bilateral
Band Assisted Close Grip Pull Up,"Lats, Middle Back, Biceps",Long Band,"Vertical Pull, Bilateral (2 Arms and/or 2 Legs)",Compound,Intermediate,endurance,bilateral
Band Assisted Dip,"Triceps, Chest, Shoulders",Long Band,"Elbow Flexion, Bilateral (2 Arms and/or 2 Legs)",Compound,Beginner,endurance,bilateral
Band Assisted Neutral Grip Chin Up,"Lats, Biceps, Middle Back",Long Band,"Vertical Pull, Bilateral (2 Arms and/or 2 Legs)",Compound,Intermediate,endurance,bilateral
Band Assisted Prone Quad Stretch,Quads,Long Band,Static Stretches,"",Beginner,general,bilateral
Band Assisted Pull Up,"Lats, Biceps, Middle Back",Long Band,"Vertical Pull, Bilateral (2 Arms and/or 2 Legs)",Compound,Intermediate,endurance,bilateral
Band Assisted Reverse Nordic Curl,Quads,Long Band,"Knee Flexion, Bilateral (2 Arms and/or 2 Legs)",Isolation,Beginner,endurance,bilateral
Band Assisted Supine Hamstring Stretch,Hamstrings,Long Band,Static Stretches,Isolation,Beginner,general,bilateral
Band Assisted Wide Grip Pull Up,"Lats, Biceps, Middle Back",Long Band,"Bilateral (2 Arms and/or 2 Legs), Vertical Pull",Compound,Intermediate,endurance,bilateral
Band B-Stance Glute Bridge,"Glutes, Hamstrings",Long Band,"Hip Hinge, Unilateral (Single Arm or Leg)",Compound,Beginner,endurance,bilateral
Band B-Stance RDL,"Glutes, Hamstrings, Lower Back",Long Band,"Hip Hinge, Unilateral (Single Arm or Leg)",Compound,Beginner,endurance,bilateral
Band Bent Over Neutral Row,"Lats, Middle Back, Lower Back",Long Band,"Bilateral (2 Arms and/or 2 Legs), Horizontal Pull",Compound,Beginner,endurance,bilateral
Band Bent Over Pronated Row,"Lower Back, Middle Back, Traps",Long Band,"Horizontal Pull, Bilateral (2 Arms and/or 2 Legs)",Compound,Beginner,endurance,bilateral
Band Bent Over Supinated Row,"Biceps, Lats, Lower Back",Long Band,"Horizontal Pull, Bilateral (2 Arms and/or 2 Legs)",Compound,Beginner,endurance,bilateral
Band Bicep Curl,Biceps,Long Band,"Elbow Flexion, Bilateral (2 Arms and/or 2 Legs)",Isolation,Beginner,endurance,bilateral
Band Crunch,Abs,Long Band,"Core, Core Flexion",Isolation,Beginner,endurance,bilateral
Band Deadlift,"Glutes, Hamstrings, Lower Back",Long Band,"Hip Hinge, Bilateral (2 Arms and/or 2 Legs)",Compound,Beginner,endurance,bilateral
Band External Rotation,"","","","",Beginner,endurance,bilateral
Band Floor Press,"Chest, Shoulders, Triceps",Long Band,"Horizontal Push, Bilateral (2 Arms and/or 2 Legs)",Compound,Beginner,endurance,bilateral
Band Front Squat,"Glutes, Quads",Long Band,"Squat, Bilateral (2 Arms and/or 2 Legs)",Compound,Beginner,endurance,bilateral
Band Frontal Raise,Shoulders,Long Band,Bilateral (2 Arms and/or 2 Legs),Isolation,Beginner,endurance,bilateral
Band Glute Bridge,"Glutes, Hamstrings",Long Band,"Hip Hinge, Bilateral (2 Arms and/or 2 Legs)",Compound,Beginner,endurance,bilateral
Band Hammer Curl,Biceps,Long Band,"Elbow Flexion, Bilateral (2 Arms and/or 2 Legs)",Isolation,Beginner,endurance,bilateral
Band Lateral Raise,Shoulders,Long Band,Bilateral (2 Arms and/or 2 Legs),Isolation,Beginner,endurance,bilateral
Band Lateral Walk,Abductors,Short Band,Bilateral (2 Arms and/or 2 Legs),Isolation,Beginner,endurance,bilateral
Band Lying Leg Curl,Hamstrings,Long Band,"Knee Flexion, Bilateral (2 Arms and/or 2 Legs)",Isolation,Beginner,endurance,bilateral
Band Lying Single Leg Curl,Hamstrings,Long Band,"Knee Flexion, Unilateral (Single Arm or Leg)",Isolation,Beginner,endurance,bilateral
Band Over Shoulder Split Squat,"Glutes, Quads",Long Band,"Lunge, Unilateral (Single Arm or Leg)",Compound,Beginner,endurance,bilateral
Band Pec Stretch,"Chest, Shoulders",Bodyweight,Static Stretches,"",Beginner,general,bilateral
Band Pull Aparts,"Posterior Shoulder, Rotator Cuff",Long Band,"Horizontal Pull, Bilateral (2 Arms and/or 2 Legs)",Isolation,Beginner,endurance,bilateral
Band Quadruped Hip Extensions,Glutes,Short Band,"Unilateral (Single Arm or Leg), Hip Flexion",Isolation,Intermediate,strength,bilateral
Band Quadruped Kickback,Triceps,Long Band,"Elbow Extension, Unilateral (Single Arm or Leg)",Isolation,Beginner,endurance,bilateral
Band Rear Foot Elevated Single Leg RDL,"Glutes, Hamstrings, Lower Back",Long Band,"Hip Hinge, Unilateral (Single Arm or Leg)",Compound,Beginner,endurance,bilateral
Band Rear Foot Elevated Split Squat,"Glutes, Quads",Long Band,"Lunge, Unilateral (Single Arm or Leg)",Compound,Beginner,endurance,bilateral
Band Reverse Curl,Forearms,Long Band,"Elbow Flexion, Bilateral (2 Arms and/or 2 Legs)",Isolation,Beginner,endurance,bilateral
Band Seated Face Pull,"Posterior Shoulder, Rotator Cuff, Middle Back",Long Band,"Horizontal Pull, Bilateral (2 Arms and/or 2 Legs)",Compound,Beginner,endurance,bilateral
Band Seated Neutral Row,"Lats, Biceps, Middle Back",Long Band,"Horizontal Pull, Bilateral (2 Arms and/or 2 Legs)",Compound,Beginner,endurance,bilateral
Band Seated Pronated Row,"Middle Back, Traps",Long Band,"Horizontal Pull, Bilateral (2 Arms and/or 2 Legs)",Compound,Beginner,endurance,bilateral
Band Seated Supinated Row,"Middle Back, Posterior Shoulder, Traps",Long Band,"Bilateral (2 Arms and/or 2 Legs), Horizontal Pull",Compound,Beginner,endurance,bilateral
Band Single-Leg RDL,"Abductors, Hamstrings, Glutes, Lower Back",Long Band,"Hip Hinge, Contralateral (Opposite Side Arm & Leg)",Compound,Beginner,endurance,bilateral
Band Split Squat,"Glutes, Quads",Long Band,"Lunge, Unilateral (Single Arm or Leg)",Compound,Beginner,endurance,bilateral
Band Squat,"Glutes, Quads",Long Band,"Squat, Bilateral (2 Arms and/or 2 Legs)",Compound,Beginner,endurance,bilateral
Band Straight Arm Pulldown,Lats,Long Band,"Vertical Pull, Bilateral (2 Arms and/or 2 Legs)",Isolation,Beginner,endurance,bilateral
Band Straight Arm Side Plank,"Obliques, Abs",Long Band,"Core Anti-Rotation, Core Anti-Lateral Flexion","",Intermediate,timed,bilateral
Band Sumo Deadlift,"Glutes, Quads, Adductors",Long Band,"Hip Hinge, Bilateral (2 Arms and/or 2 Legs)",Compound,Beginner,endurance,bilateral
Band Under Feet Lateral Walk,Abductors,Long Band,Bilateral (2 Arms and/or 2 Legs),Isolation,Beginner,endurance,bilateral
Band Wrist Flexion,"","","","",Beginner,strength,bilateral
Banded Barbell Deadlift,"Glutes, Lats, Hamstrings, Lower Back, Middle Back","Barbell, Long Band","Hip Hinge, Bilateral (2 Arms and/or 2 Legs)",Compound,Advanced,strength,bilateral
Banded Bird Dog,"Abs, Shoulders",Long Band,"Core Anti-Rotation, Core Anti-Extension, Contralateral (Opposite Side Arm & Leg)",Compound,Intermediate,endurance,bilateral
Banded Bully,Shoulders,Long Band,Mobility,"",Intermediate,endurance,bilateral
Banded Clam Shell,Abductors,Short Band,Unilateral (Single Arm or Leg),Isolation,Beginner,endurance,bilateral
Banded Classic Posterior Chain Mob,Hamstrings,Long Band,Static Stretches,Isolation,Beginner,general,bilateral
Banded Couch Stretch,"",Long Band,Static Stretches,Isolation,Intermediate,general,bilateral
Banded Dead Bug,Abs,Long Band,"Alternating, Core Extension",Isolation,Beginner,endurance,bilateral
Banded Elbow Extension,"",Long Band,Mobility,"",Beginner,general,bilateral
Banded Elbow Flexion,"",Long Band,Mobility,"",Beginner,general,bilateral
Banded Fire Hydrants,Abductors,Short Band,Unilateral (Single Arm or Leg),Isolation,Beginner,endurance,bilateral
Banded First Rib,"Traps, Shoulders",Long Band,Mobility,"",Beginner,general,bilateral
Banded Good Mornings,"Hamstrings, Glutes, Lower Back",Long Band,"Hip Hinge, Bilateral (2 Arms and/or 2 Legs)",Compound,Beginner,endurance,bilateral
Banded Heel Cord: Anterior Bias,Ankle & Foot,Long Band,Static Stretches,"",Beginner,general,bilateral
Banded Heel Cord: Anterior Bias (Plate),Ankle & Foot,"Long Band, Plate",Static Stretches,"",Beginner,general,bilateral
Banded Heel Cord: Posterior Bias,Ankle & Foot,Long Band,Static Stretches,"",Beginner,general,bilateral
Banded Jab Step,Abductors,Short Band,Unilateral (Single Arm or Leg),Isolation,Beginner,endurance,bilateral
Banded KB March (Hip Flexor Focus),,,,,"",strength,bilateral
Banded Landmine RDL,"Hamstrings, Glutes, Lower Back, Middle Back","Landmine, Long Band","Hip Hinge, Bilateral (2 Arms and/or 2 Legs)",Compound,Intermediate,strength,bilateral
Banded Lateral Distraction Hip Capsule Mobilisation,,,,,"",strength,bilateral
Banded Lateral Opener,"Shoulders, Chest",Long Band,Static Stretches,"",Beginner,general,bilateral
Banded Lateral Opener Distraction,,,,,"",strength,bilateral
Banded Psoas March,Hip Flexor,Short Band,Alternating,Isolation,Beginner,endurance,bilateral
Banded Push Up,"Chest, Triceps, Shoulders",Band,"Bilateral (2 Arms and/or 2 Legs), Horizontal Push",Compound,Intermediate,endurance,bilateral
Banded Quadruped Chin Tuck Retraction,Neck & Jaw,Long Band,"",Isolation,Beginner,endurance,bilateral
Banded RDL,"Glutes, Hamstrings, Lower Back",Long Band,"Hip Hinge, Bilateral (2 Arms and/or 2 Legs)",Compound,Beginner,endurance,bilateral
Banded Seated Hip Abduction,Abductors,Short Band,Bilateral (2 Arms and/or 2 Legs),Isolation,Beginner,endurance,bilateral
Banded Side-Lying Hip Abduction,Abductors,Short Band,Unilateral (Single Arm or Leg),Isolation,Beginner,endurance,bilateral
Banded Single Hip Flexion,,,,,"",strength,bilateral
Banded Single-Arm Upside Down KB Floor Press,,,,,"",strength,bilateral
Banded Spanish Squat,"Glutes, Quads",Long Band,"Squat, Bilateral (2 Arms and/or 2 Legs)",Compound,Beginner,endurance,bilateral
Banded Super Frog,Adductors,"Long Band, Plate",Static Stretches,"",Intermediate,endurance,bilateral
Banded Trap Bar Deadlift,"Glutes, Hamstrings, Middle Back, Lower Back","Barbell, Long Band","Hip Hinge, Bilateral (2 Arms and/or 2 Legs)",Compound,Advanced,strength,bilateral
Banded W's,Rotator Cuff,Long Band,Bilateral (2 Arms and/or 2 Legs),Isolation,Beginner,endurance,bilateral
Barbell Back Squat,"Glutes, Quads",Barbell,"Squat, Bilateral (2 Arms and/or 2 Legs)",Compound,Intermediate,strength,bilateral
Barbell Bench Press,"Chest, Triceps, Shoulders","Barbell, Bench","Horizontal Push, Bilateral (2 Arms and/or 2 Legs)",Compound,Intermediate,strength,bilateral
Barbell Box Front Squat,"Glutes, Quads","Barbell, Bench","Squat, Bilateral (2 Arms and/or 2 Legs)",Compound,Intermediate,strength,bilateral
Barbell Box Squat,"Glutes, Quads","Barbell, Bench","Squat, Bilateral (2 Arms and/or 2 Legs)",Compound,Intermediate,strength,bilateral
Barbell Calf Mobilisation,Calves,Barbell,"","",Beginner,general,bilateral
Barbell Clean,"Traps, Shoulders, Middle Back",Barbell,"Vertical Push, Bilateral (2 Arms and/or 2 Legs)",Compound,Intermediate,strength,bilateral
Barbell Cuban Press,,,,,"",strength,bilateral
Barbell Curl,,,,,"",strength,bilateral
Barbell Deadlift,"","","","",Beginner,strength,bilateral
Barbell Deadlift From Blocks,"Lower Back, Glutes, Middle Back, Hamstrings",Barbell,"Hip Hinge, Bilateral (2 Arms and/or 2 Legs)",Compound,Intermediate,strength,bilateral
Barbell Deficit Deadlift,"Hamstrings, Glutes, Middle Back, Lower Back",Barbell,"Bilateral (2 Arms and/or 2 Legs), Hip Hinge",Compound,Advanced,strength,bilateral
Barbell Frog Pump,"Glutes, Abductors",Barbell,"Hip Hinge, Bilateral (2 Arms and/or 2 Legs)",Compound,Intermediate,strength,bilateral
Barbell Front Squat,"Glutes, Quads",Barbell,"Squat, Bilateral (2 Arms and/or 2 Legs)",Compound,Intermediate,strength,bilateral
Barbell Glute Bridge,"Glutes, Hamstrings",Barbell,"Hip Hinge, Bilateral (2 Arms and/or 2 Legs)",Compound,Beginner,strength,bilateral
Barbell Glute Bridge (Mini Band),"Hamstrings, Glutes","Barbell, Short Band","Hip Hinge, Bilateral (2 Arms and/or 2 Legs)",Compound,Beginner,strength,bilateral
Barbell Hip Thrust,"Glutes, Hamstrings","Barbell, Bench, Box/Step","Hip Hinge, Bilateral (2 Arms and/or 2 Legs)",Compound,Intermediate,strength,bilateral
Barbell Hip Thrust (Mini Band),"Glutes, Hamstrings","Barbell, Box/Step, Bench","Hip Hinge, Bilateral (2 Arms and/or 2 Legs)",Compound,Intermediate,strength,bilateral
Barbell Lat Scrub,Lats,Barbell,Mobility,"",Beginner,general,bilateral
Barbell Overhead Press,Shoulders,Barbell,"Vertical Push, Bilateral (2 Arms and/or 2 Legs)",Compound,Intermediate,strength,bilateral
Barbell Paused Box Squat,"Glutes, Quads","Bench, Box/Step, Barbell","Squat, Bilateral (2 Arms and/or 2 Legs)",Compound,Intermediate,strength,bilateral
Barbell RDL,"Hamstrings, Glutes, Lower Back, Middle Back",Barbell,"Hip Hinge, Bilateral (2 Arms and/or 2 Legs)",Compound,Intermediate,strength,bilateral
Barbell RDL (Banded Hip Extension),"Lower Back, Hamstrings, Glutes, Middle Back","Long Band, Barbell","Hip Hinge, Bilateral (2 Arms and/or 2 Legs)",Compound,Intermediate,strength,bilateral
Barbell Reverse Lunge,"Glutes, Quads",Barbell,"Lunge, Unilateral (Single Arm or Leg)",Compound,Intermediate,strength,bilateral
Barbell Shoulder Shear,Shoulders,Barbell,Mobility,"",Intermediate,general,bilateral
Barbell Suitcase Hold,"Obliques, Abs, Forearms",Barbell,"Core Anti-Lateral Flexion, Unilateral (Single Arm or Leg)",Isolation,Beginner,timed_strength,bilateral
Barbell Sumo Deadlift,"Glutes, Middle Back, Lower Back, Adductors, Quads",Barbell,"Hip Hinge, Bilateral (2 Arms and/or 2 Legs)",Compound,Intermediate,strength,bilateral
Barbell Trap Scrub,Traps,Barbell,Mobility,"",Beginner,general,bilateral
Barbell Triceps Smash,Triceps,Barbell,Mobility,"",Intermediate,general,bilateral
Bench Dip,"Triceps, Shoulders","Bench, Box/Step","Elbow Extension, Bilateral (2 Arms and/or 2 Legs)",Compound,Beginner,endurance,bilateral
Bench Dip - Feet Elevated,"Triceps, Shoulders","Bodyweight, Bench, Box/Step","Elbow Extension, Bilateral (2 Arms and/or 2 Legs)",Compound,Intermediate,endurance,bilateral
Bench Dip - Knees Bent,"Shoulders, Triceps","Bodyweight, Box/Step, Bench","Elbow Extension, Bilateral (2 Arms and/or 2 Legs)",Compound,Beginner,endurance,bilateral
Bench Dip - Plate On Legs,"Triceps, Shoulders","Bench, Box/Step, Plate","Elbow Extension, Bilateral (2 Arms and/or 2 Legs)",Compound,Intermediate,strength,bilateral
Bench Single-Leg Squat,"Abductors, Glutes, Quads","Bodyweight, Box/Step, Bench","Lunge, Unilateral (Single Arm or Leg)",Compound,Intermediate,endurance,bilateral
Bench Single-Leg Squat With Pause,"Abductors, Glutes, Quads","Bodyweight, Bench, Box/Step","Lunge, Unilateral (Single Arm or Leg)",Compound,Intermediate,endurance,bilateral
Bent Over Cable French Press,,,,,"",strength,bilateral
Biceps Manual Release,,,,,"",strength,bilateral
Bicycle Crunch,"Abs, Obliques",Bodyweight,"Core Flexion, Alternating, Core",Isolation,Intermediate,endurance,bilateral
Bilateral Shoulder Flexion,,,,,"",strength,bilateral
Bird Dog,Abs,Bodyweight,"Core Anti-Rotation, Core, Contralateral (Opposite Side Arm & Leg)","",Beginner,endurance,bilateral
Bird Dog - Knee To Elbow,Abs,Bodyweight,"Core Anti-Rotation, Contralateral (Opposite Side Arm & Leg)","",Beginner,endurance,bilateral
Bird Dog - Leg Slide + Lift,Abs,Bodyweight,"Core Anti-Rotation, Contralateral (Opposite Side Arm & Leg)","",Beginner,endurance,bilateral
Bird Dog Single-Arm Dumbbell Row,"Lats, Biceps, Middle Back, Abs","Bench, Box/Step, Dumbbell","Horizontal Pull, Core Anti-Rotation, Contralateral (Opposite Side Arm & Leg)",Compound,Intermediate,strength,bilateral
Bodyweight Box Squat,"Quads, Glutes","Bodyweight, Box/Step, Bench","Squat, Bilateral (2 Arms and/or 2 Legs)",Compound,Beginner,endurance,bilateral
Bodyweight Squat,,,,,"",strength,bilateral
Bodyweight Sumo Squat,"Adductors, Glutes, Quads",Bodyweight,"Squat, Bilateral (2 Arms and/or 2 Legs)",Compound,Beginner,endurance,bilateral
Bosu Ball Barbell Frog Pump,"Abductors, Glutes","Barbell, Bosu Ball","Hip Hinge, Bilateral (2 Arms and/or 2 Legs)",Compound,Intermediate,strength,bilateral
Bosu Ball Frog Pump,"Abductors, Glutes",Bosu Ball,"Hip Hinge, Bilateral (2 Arms and/or 2 Legs)",Compound,Beginner,endurance,bilateral
Bosu Ball Frog Pump (Mini Band),"Abductors, Glutes",Bosu Ball,"Bilateral (2 Arms and/or 2 Legs), Hip Hinge",Compound,Beginner,endurance,bilateral
Bosu Rope Crunch,,,,,"",strength,bilateral
Box Adductor Stretch,Adductors,"",Static Stretches,"",Beginner,general,bilateral
Box Jump,"Glutes, Calves, Quads",Box/Step,"Plyometrics, Bilateral (2 Arms and/or 2 Legs), Squat",Compound,Advanced,endurance,bilateral
Brettzel,"Abductors, Hip Flexor, Quads, Middle Back",Bodyweight,Static Stretches,"",Beginner,general,bilateral
Brettzel 2.0,"Quads, Hip Flexor, Middle Back",Bodyweight,Mobility,"",Beginner,general,bilateral
Bully Extension Bias,,,,,"",strength,bilateral
Cable Drag Curl,,,,,"",strength,bilateral
Cable Fly,,,,,"",strength,bilateral
Cable Pull Through,,,,,"",strength,bilateral
Cable Reverse Straight Bar Curl,,,,,"",strength,bilateral
Cable Rope Rotations (Mid Height),,,,,"",strength,bilateral
Cable Straight Arm Pulldown,,,,,"",strength,bilateral
Cable Straight Bar Curl,,,,,"",strength,bilateral
Cable/Bond External Rotation Walk Outs,,,,,"",strength,bilateral
Cable/Bond Internal Rotation Walk Outs,,,,,"",strength,bilateral
Calf Banded Distraction,,,,,"",strength,bilateral
Calf Raise - Knees Bent,,,,,"",strength,bilateral
Calf SMR - Kettlebell,,,,,"",strength,bilateral
Calf Stretch,,,,,"",strength,bilateral
Cat-Cow,,,,,"",strength,bilateral
Chair Glute Smash - Lacrosse,,,,,"",strength,bilateral
Chest Supported Dual Cable Row,"Lats, Middle Back, Biceps","Cable, Bench","Horizontal Pull, Bilateral (2 Arms and/or 2 Legs)",Compound,Beginner,strength,bilateral
Chest Supported Dumbbell Row,"Biceps, Lats, Middle Back","Dumbbell, Bench","Horizontal Pull, Bilateral (2 Arms and/or 2 Legs)",Compound,Beginner,strength,bilateral
Chest Supported Pronated Barbell Row,"Middle Back, Biceps, Traps","Bench, Barbell","Horizontal Pull, Bilateral (2 Arms and/or 2 Legs)",Compound,Intermediate,strength,bilateral
Chest Supported Single Cable Row,"Lats, Biceps","Cable, Bench","Horizontal Pull, Unilateral (Single Arm or Leg)",Compound,Beginner,strength,bilateral
Chest Supported Supinated Barbell Row,"Lats, Middle Back, Biceps","Barbell, Bench","Horizontal Pull, Bilateral (2 Arms and/or 2 Legs)",Compound,Intermediate,strength,bilateral
Childs Pose,,,,,"",strength,bilateral
Chin Up,,,,,"",strength,bilateral
Clam Shell,,,,,"",strength,bilateral
Close Grip Chin Up,,,,,"",strength,bilateral
Close Grip Dumbbell Press,,,,,"",strength,bilateral
Close Grip Pull Up,,,,,"",strength,bilateral
Close Grip Push Up,"Triceps, Shoulders",Bodyweight,"Horizontal Push, Bilateral (2 Arms and/or 2 Legs)",Compound,Intermediate,endurance,bilateral
Cobra Stretch,,,,,"",strength,bilateral
Contralateral Dumbbell Split Squat,"Abductors, Glutes, Quads",Dumbbell,"Lunge, Contralateral (Opposite Side Arm & Leg)",Compound,Beginner,strength,bilateral
Contralateral Kettlebell Split Squat,"Abductors, Glutes, Quads",Kettlebell,"Lunge, Contralateral (Opposite Side Arm & Leg)",Compound,Beginner,strength,bilateral
Copenhagen Plank,"Adductors, Obliques, Abs","Bench, Box/Step","Core Anti-Lateral Flexion, Core, Contralateral (Opposite Side Arm & Leg)",Compound,Intermediate,strength,bilateral
Copenhagen Plank (Knee on Floor),,,,,"",strength,bilateral
Copenhagen Plank - Hip Drops,"Adductors, Abs, Obliques","Bodyweight, Box/Step, Bench","Core Anti-Lateral Flexion, Unilateral (Single Arm or Leg)","",Intermediate,endurance,bilateral
Couch Stretch,"Hip Flexor, Quads","Bodyweight, Bench, Box/Step",Static Stretches,"",Beginner,general,bilateral
Cross-Body Crunch,Abs,Bodyweight,"Core Flexion, Contralateral (Opposite Side Arm & Leg)","",Beginner,endurance,bilateral
Crunch,Abs,Bodyweight,"Core Flexion, Core","",Beginner,endurance,bilateral
Curtsy Lunge,"Glutes, Abductors, Quads",Bodyweight,"Lunge, Unilateral (Single Arm or Leg)",Compound,Beginner,strength,bilateral
DB Low Trap Raises (Incline Bench),,,,,"",strength,bilateral
DB Rolling Triceps Extensions,,,,,"",strength,bilateral
Dead Bug,Abs,Bodyweight,"Core, Contralateral (Opposite Side Arm & Leg), Core Anti-Extension","",Beginner,endurance,bilateral
Dead Bug (Knee Push Iso),Abs,Bodyweight,"Core Anti-Extension, Contralateral (Opposite Side Arm & Leg), Alternating","",Beginner,endurance,bilateral
Dead Hang,,,,,"",strength,bilateral
Dead Hang Pull Up,,,,,"",strength,bilateral
Deadmill Sprints,,,,,"",strength,bilateral
Decline Alternating Dumbbell Press,,,,,"",strength,bilateral
Decline Bench Press,,,,,"",strength,bilateral
Decline Dumbbell Fly,,,,,"",strength,bilateral
Decline Dumbbell Press,,,,,"",strength,bilateral
Decline Dumbbell Triceps Extension - Neutral,,,,,"",strength,bilateral
Decline Dumbbell Triceps Extension - Pronating,,,,,"",strength,bilateral
Decline E-Z Bar Triceps Extension,,,,,"",strength,bilateral
Decline Push Up,"Chest, Shoulders, Triceps","Bodyweight, Box/Step, Bench","Horizontal Push, Bilateral (2 Arms and/or 2 Legs)",Compound,Intermediate,endurance,bilateral
Deep Squat Holds,"Glutes, Adductors, Quads",Bodyweight,"Squat, Mobility",Compound,Beginner,endurance,bilateral
Deficit Reverse Lunge,"Abductors, Glutes","Box/Step, Bodyweight","Lunge, Unilateral (Single Arm or Leg)",Compound,Intermediate,endurance,bilateral
Deficit Trap Bar Deadlift,"Hamstrings, Glutes, Lower Back, Middle Back",Barbell,"Hip Hinge, Bilateral (2 Arms and/or 2 Legs)",Compound,Advanced,strength,bilateral
Depth Drop,,,,,"",strength,bilateral
Depth Push Up,"Chest, Shoulders, Triceps","Bodyweight, Box/Step","Horizontal Push, Bilateral (2 Arms and/or 2 Legs)",Compound,Advanced,endurance,bilateral
Dip,"Chest, Triceps, Shoulders",Bodyweight,"Elbow Extension, Bilateral (2 Arms and/or 2 Legs)",Compound,Intermediate,endurance,bilateral
Dip - Leg Assisted,"Triceps, Shoulders, Chest",Bodyweight,"Elbow Extension, Bilateral (2 Arms and/or 2 Legs)",Compound,Beginner,endurance,bilateral
Double Dumbbell Swing,,,,,"",strength,bilateral
Double Kettlebell Swing,,,,,"",strength,bilateral
Double-Leg Lateral Pogo Hops,,,,,"",strength,bilateral
Double-Leg Pogo Hops,,,,,"",strength,bilateral
Dowel Hip Hinge,,,,,"",strength,bilateral
Dowel Squat,"Glutes, Quads",Bodyweight,"Squat, Bilateral (2 Arms and/or 2 Legs)",Compound,Beginner,endurance,bilateral
Dowel Thoracic Extension Rockback,,,,,"",strength,bilateral
Down Dog Terminal Knee Extension,,,,,"",strength,bilateral
Dumbbell B-Stance RDL,,,,,"",strength,bilateral
Dumbbell Bent-Over Reverse Flies,,,,,"",strength,bilateral
Dumbbell Chest Supported Row (Pronated Grip),,,,,"",strength,bilateral
Dumbbell Curl,Biceps,Dumbbell,"Elbow Flexion, Bilateral (2 Arms and/or 2 Legs)",Isolation,Beginner,strength,bilateral
Dumbbell Curl To Press,"Biceps, Shoulders",Dumbbell,"Elbow Flexion, Vertical Push, Bilateral (2 Arms and/or 2 Legs)",Compound,Intermediate,strength,bilateral
Dumbbell Curtsy Lunge,"Abductors, Glutes, Quads",Dumbbell,"Lunge, Unilateral (Single Arm or Leg)",Compound,Intermediate,strength,bilateral
Dumbbell Deficit Reverse Lunge,"Abductors, Glutes, Quads","Box/Step, Dumbbell","Lunge, Unilateral (Single Arm or Leg)",Compound,Intermediate,strength,bilateral
Dumbbell External Rotation - Elbow On Knee,,,,,"",strength,bilateral
Dumbbell Formers Carry,,,,,"",strength,bilateral
Dumbbell French Press,,,,,"",strength,bilateral
Dumbbell Front Foot Elevated Split Squat,"Abductors, Glutes, Quads","Box/Step, Dumbbell","Lunge, Unilateral (Single Arm or Leg)",Compound,Intermediate,strength,bilateral
Dumbbell Front Rock Cory,,,,,"",strength,bilateral
Dumbbell Front Squat,"Glutes, Quads",Dumbbell,"Squat, Bilateral (2 Arms and/or 2 Legs)",Compound,Intermediate,strength,bilateral
Dumbbell Glute Bridge,,,,,"",strength,bilateral
Dumbbell Goblet Squat,"Glutes, Quads",Dumbbell,"Bilateral (2 Arms and/or 2 Legs), Squat",Compound,Beginner,strength,bilateral
Dumbbell Hold,,,,,"",strength,bilateral
Dumbbell Lateral Step Up,,,,,"",strength,bilateral
Dumbbell Lunge,"Glutes, Abductors, Quads",Dumbbell,"Lunge, Unilateral (Single Arm or Leg)",Compound,Intermediate,strength,bilateral
Dumbbell Overhead Carry,,,,,"",strength,bilateral
Dumbbell RDL,,,,,"",strength,bilateral
Dumbbell Rear Foot Elevated Split Squat,"Abductors, Glutes, Quads","Dumbbell, Box/Step","Lunge, Unilateral (Single Arm or Leg)",Compound,Intermediate,strength,bilateral
Dumbbell Renegade Row,"Abs, Middle Back, Lats, Biceps",Dumbbell,"Horizontal Pull, Alternating",Compound,Advanced,strength,bilateral
Dumbbell Reverse Lunge,"Abductors, Glutes, Quads","","Lunge, Unilateral (Single Arm or Leg)",Compound,Intermediate,strength,bilateral
Dumbbell Reverse Lunge with Overhead Press,"Abductors, Glutes, Quads, Shoulders",Dumbbell,"Lunge, Vertical Push, Contralateral (Opposite Side Arm & Leg)",Compound,Intermediate,strength,bilateral
Dumbbell Single Prone T,,,,,"",strength,bilateral
Dumbbell Single Prone Y,,,,,"",strength,bilateral
Dumbbell Split Squat,"Abductors, Glutes, Quads",Dumbbell,"Lunge, Unilateral (Single Arm or Leg)",Compound,Beginner,strength,bilateral
Dumbbell Step Up,,,,,"",strength,bilateral
Dumbbell Suitcase Carry,,,,,"",strength,bilateral
Dumbbell Suitcase Hold,,,,,"",strength,bilateral
Dumbbell Sumo Goblet Squat,"Adductors, Glutes, Quads",Dumbbell,"Squat, Bilateral (2 Arms and/or 2 Legs)",Compound,Intermediate,strength,bilateral
Dumbbell Swing,,,,,"",strength,bilateral
Dumbbell Walking Lunges,"","","","",Beginner,strength,bilateral
Dumbbell Windmill,,,,,"",strength,bilateral
Dumbbell Wrist Extension,,,,,"",strength,bilateral
Dumbbell Wrist Flexion,,,,,"",strength,bilateral
Dumbbell Wrist Supination & Pronation,,,,,"",strength,bilateral
"Dumbbell Y, T, T",,,,,"",strength,bilateral
Dumbbell Y-Raise,,,,,"",strength,bilateral
Dumbbell Zottman Curl,"Biceps, Forearms",Dumbbell,"Elbow Flexion, Bilateral (2 Arms and/or 2 Legs)",Isolation,Beginner,strength,bilateral
Dumbbells To Side RDL,,,,,"",strength,bilateral
EZ Bar California Press,Triceps,"EZ Bar, Bench","Elbow Extension, Bilateral (2 Arms and/or 2 Legs)",Isolation,Beginner,strength,bilateral
EZ Bar Cubon Press,,,,,"",strength,bilateral
EZ Bar Curl,Biceps,EZ Bar,"Elbow Flexion, Bilateral (2 Arms and/or 2 Legs)",Isolation,Beginner,strength,bilateral
EZ Bar Reverse Curl,Forearms,EZ Bar,"Elbow Flexion, Bilateral (2 Arms and/or 2 Legs)",Isolation,Beginner,strength,bilateral
Eccentric Push Up,"Chest, Shoulders, Triceps",Bodyweight,"Horizontal Push, Bilateral (2 Arms and/or 2 Legs)",Compound,Beginner,endurance,bilateral
Eccentric Push Up - Knees,"Triceps, Shoulders, Chest",Bodyweight,"Horizontal Push, Bilateral (2 Arms and/or 2 Legs)",Compound,Beginner,endurance,bilateral
Eccentric Sliding Leg Curl Isometric,Hamstrings,Bodyweight,"Knee Extension, Bilateral (2 Arms and/or 2 Legs)",Isolation,Beginner,endurance,bilateral
Eccentric To Knees Push Up,"Chest, Shoulders, Triceps",Bodyweight,"Horizontal Push, Bilateral (2 Arms and/or 2 Legs)",Compound,Beginner,endurance,bilateral
Eccentric Towel Slides,Hamstrings,Bodyweight,"Knee Flexion, Bilateral (2 Arms and/or 2 Legs)",Isolation,Beginner,endurance,bilateral
Eccentric Towel Slides,,,,,"",strength,bilateral
Elbow Side Plank with Dumbbell Overhead,"Abs, Obliques, Shoulders",Dumbbell,Core Anti-Lateral Flexion,"",Intermediate,timed_strength,bilateral
Elbow and Knee Side Plank,,,,,"",strength,bilateral
Erector Spinne Stretch,,,,,"",strength,bilateral
Feet Banded Anterior Tibialis Raise,,,,,"",strength,bilateral
Feet Elevated Glute Bridge,,,,,"",strength,bilateral
Feet Elevated Glute Bridge w Bond,,,,,"",strength,bilateral
Feet-Elevated Hip Thrust,,,,,"",strength,bilateral
Feet-Elevated Hip Thrust with Mini Band,,,,,"",strength,bilateral
Fire Hydrant,,,,,"",strength,bilateral
Flat Dumbbell Fly,,,,,"",strength,bilateral
Flat Dumbbell Press,,,,,"",strength,bilateral
Flat Dumbbell Triceps Extension - Neutral,,,,,"",strength,bilateral
Flat Dumbbell Triceps Extension - Pronating,,,,,"",strength,bilateral
Flat EZ Bar Accumulated Eccentric Press,,,,,"",strength,bilateral
Flat EZ Bar Triceps Extension,,,,,"",strength,bilateral
Floor Dumbbell Press,,,,,"",strength,bilateral
Floor Glute Smash - Lacrosse,,,,,"",strength,bilateral
Floor Seated Face Pull w/ External Rotation,,,,,"",strength,bilateral
Floor Seated Rope Facet Pull,,,,,"",strength,bilateral
Flutter Kicks,,,,,"",strength,bilateral
Foam Roller - Adductor,Adductors,Foam Roller,Mobility,"",Beginner,general,bilateral
Foam Roller - Angles,,,,,"",strength,bilateral
Foam Roller - Calf,Calves,"","","",Beginner,general,bilateral
Foam Roller - Chest,,,,,"",strength,bilateral
Foam Roller - Glutes,,,,,"",strength,bilateral
Foam Roller - Hamstring,,,,,"",strength,bilateral
Foam Roller - Hip,,,,,"",strength,bilateral
Foam Roller - Lateral Hip,,,,,"",strength,bilateral
Foam Roller - Lats,,,,,"",strength,bilateral
Foam Roller - Oblique Side Smash,,,,,"",strength,bilateral
Foam Roller - Quad,,,,,"",strength,bilateral
Foam Roller - Shin,,,,,"",strength,bilateral
Foam Roller - Thoracic Spine,,,,,"",strength,bilateral
Foam Roller - Vastus Lateralis,,,,,"",strength,bilateral
Foam Roller Body Saw,,,,,"",strength,bilateral
Foam Roller Chest Opener,,,,,"",strength,bilateral
Foam Roller External Rotations,,,,,"",strength,bilateral
Foam Roller Thoracic Extension,,,,,"",strength,bilateral
Foam Roller Thread The Needle,,,,,"",strength,bilateral
Foam Roller Triceps Smash,,,,,"",strength,bilateral
Foot Banded Anterior Tibialis Raise,,,,,"",strength,bilateral
Foot Banded Lateral Walk,,,,,"",strength,bilateral
Foot Doming,,,,,"",strength,bilateral
Foot Elevated Glute Bridge,,,,,"",strength,bilateral
Foot Elevated Glute Bridge w Band,,,,,"",strength,bilateral
Foot-Elevated Hip Thrust,,,,,"",strength,bilateral
Foot-Elevated Hip Thrust with Mini Band,,,,,"",strength,bilateral
Forward Leaning OH Rope Triceps Extensions,,,,,"",strength,bilateral
Forward Lunge,"Glutes, Quads",Bodyweight,"Unilateral (Single Arm or Leg), Lunge",Compound,Beginner,strength,bilateral
Frog Pump,,,,,"",strength,bilateral
Frog Pump w Mini Band,,,,,"",strength,bilateral
Frog Stretch,,,,,"",strength,bilateral
Front Foot Elevated Single DB Split Squat,"Abductors, Glutes, Quads","Box/Step, Dumbbell","Lunge, Contralateral (Opposite Side Arm & Leg)",Compound,Intermediate,strength,bilateral
Front Foot Elevated Split Squat,"Abductors, Glutes, Quads","Bodyweight, Box/Step","Unilateral (Single Arm or Leg), Lunge",Compound,Beginner,endurance,bilateral
Full Kneeling Foam Roller Ankle Plantar Flexion,,,,,"",strength,bilateral
Full Kneeling Foam Roller Quad Stretch,,,,,"",strength,bilateral
Full Kneeling Kettlebell Halos,,,,,"",strength,bilateral
Full-Kneeling Pallof Press,,,,,"",strength,bilateral
Full-Kneeling Pallof Press Hold,,,,,"",strength,bilateral
Full-Kneeling Rope Chop,,,,,"",strength,bilateral
Full-Kneeling Rope Face Pull,,,,,"",strength,bilateral
Full-Kneeling Rope Lift,,,,,"",strength,bilateral
Gap and Smash - Lacrosse,,,,,"",strength,bilateral
Global Gut Smash,,,,,"",strength,bilateral
Glute Bridge,,,,,"",strength,bilateral
Glute Bridge (Ball between knees),,,,,"",strength,bilateral
Glute Bridge Band Pull Apart,,,,,"",strength,bilateral
Glute Bridge w Mini Band,,,,,"",strength,bilateral
Hack Squat,,,,,"",strength,bilateral
Half-Kneeling 45° Single Arm Pulldown,,,,,"",strength,bilateral
Half-Kneeling Banded Y-Press,,,,,"",strength,bilateral
Half-Kneeling Cable Row,"Biceps, Lats, Middle Back",Cable,"Horizontal Pull, Contralateral (Opposite Side Arm & Leg)",Compound,Beginner,strength,bilateral
Half-Kneeling Free Pulley w External Rotation,,,,,"",strength,bilateral
Half-Kneeling High Rope Face Pull,,,,,"",strength,bilateral
Half-Kneeling Hip Flexor Stretch,,,,,"",strength,bilateral
Half-Kneeling Kettlebell Halos,,,,,"",strength,bilateral
Half-Kneeling Kettlebell Press,,,,,"",strength,bilateral
Half-Kneeling Landmine Press,,,,,"",strength,bilateral
Half-Kneeling Landmine Y Press,,,,,"",strength,bilateral
Half-Kneeling Neutral Grip Dumbbell Press,,,,,"",strength,bilateral
Half-Kneeling Neutral Grip High Face Pull,,,,,"",strength,bilateral
Half-Kneeling Pallof Press,,,,,"",strength,bilateral
Half-Kneeling Rope Chop,,,,,"",strength,bilateral
Half-Kneeling Rope Face Pull,,,,,"",strength,bilateral
Half-Kneeling Rope Lift,,,,,"",strength,bilateral
Half-Kneeling Rotation With Dowel,,,,,"",strength,bilateral
Half-Kneeling Rotation with Forward Lean,,,,,"",strength,bilateral
Half-Kneeling Single Arm Band Press,,,,,"",strength,bilateral
Half-Kneeling Single Pronated Row,"Posterior Shoulder, Middle Back, Traps",Cable,"Horizontal Pull, Contralateral (Opposite Side Arm & Leg)",Compound,Beginner,strength,bilateral
Half-Kneeling Wall Sweeps Facing Wall,,,,,"",strength,bilateral
Half-kneeling Pallof Press Hold,,,,,"",strength,bilateral
Hand Stand Wall Holds,,,,,"",strength,bilateral
Hanging Knee Raise With Ball Between Knees,,,,,"",strength,bilateral
Hanging Knee Raises,,,,,"",strength,bilateral
Heel Raise with Ball,,,,,"",strength,bilateral
Heels Elevated Dumbbell Goblet Squat,"Glutes, Quads",Dumbbell,"Bilateral (2 Arms and/or 2 Legs), Squat",Compound,Intermediate,strength,bilateral
Heels Elevated Kettlebell Goblet Squat,"Glutes, Quads",Kettlebell,"Squat, Bilateral (2 Arms and/or 2 Legs)",Compound,Intermediate,strength,bilateral
Heels Elevated Kettlebell Rack Squat,"Glutes, Quads",Kettlebell,"Squat, Bilateral (2 Arms and/or 2 Legs)",Compound,Intermediate,strength,bilateral
Heels Elevated Squat,"Glutes, Quads",Bodyweight,"Bilateral (2 Arms and/or 2 Legs), Squat",Compound,Beginner,endurance,bilateral
Hip 90/90 Stretch,,,,,"",strength,bilateral
Hip Capsule Mobilisation,,,,,"",strength,bilateral
Hip External Rotation With Flexion,,,,,"",strength,bilateral
Hip Hinge Single-Leg With Dowel,,,,,"",strength,bilateral
Hip Hinge Stretch,,,,,"",strength,bilateral
Hip Thrust,,,,,"",strength,bilateral
Hip Thrust w Mini Band,,,,,"",strength,bilateral
Hip-Banded Hip Thrust,,,,,"",strength,bilateral
Hip-Banded Single-Leg Hip Thrust,,,,,"",strength,bilateral
Hollow Body Hold,,,,,"",strength,bilateral
Hollow Body Rocks,,,,,"",strength,bilateral
Hood Mobilisation - Lacrosse Ball,,,,,"",strength,bilateral
Horizontal Quadruped Hip Extensions,,,,,"",strength,bilateral
Ice Skaters,,,,,"",strength,bilateral
Incline Bench DB Prone T's,,,,,"",strength,bilateral
Incline Bench Lateral Raise,,,,,"",strength,bilateral
Incline Bench Press,,,,,"",strength,bilateral
Incline Bench Rear Delt Fly,,,,,"",strength,bilateral
Incline Bench Wide Grip BB Shrugs,,,,,"",strength,bilateral
Incline Dumbbell Curl,Biceps,"Dumbbell, Bench","Elbow Flexion, Bilateral (2 Arms and/or 2 Legs)",Isolation,Beginner,strength,bilateral
Incline Dumbbell Fly,,,,,"",strength,bilateral
Incline Dumbbell Hammer Curl,Biceps,"Dumbbell, Bench","Elbow Flexion, Bilateral (2 Arms and/or 2 Legs)",Isolation,Beginner,strength,bilateral
Incline Dumbbell Press,,,,,"",strength,bilateral
Incline Dumbbell Triceps Extension - Neutral,,,,,"",strength,bilateral
Incline Dumbbell Triceps Extension - Pronating,,,,,"",strength,bilateral
Incline Dumbbell Zottman Curl,"Biceps, Forearms","Bench, Dumbbell","Bilateral (2 Arms and/or 2 Legs), Elbow Flexion",Isolation,Beginner,strength,bilateral
Incline EZ Bar Triceps Extension,,,,,"",strength,bilateral
Incline Push Up,"Chest, Shoulders, Triceps","Bodyweight, Box/Step, Bench","Horizontal Push, Bilateral (2 Arms and/or 2 Legs)",Compound,Beginner,endurance,bilateral
Incline Supinating Dumbbell Curl,Biceps,"Bench, Dumbbell","Elbow Flexion, Bilateral (2 Arms and/or 2 Legs)",Isolation,Beginner,strength,bilateral
Inverted TRX Row,"Lats, Biceps, Middle Back",TRX,"Horizontal Pull, Bilateral (2 Arms and/or 2 Legs)",Compound,Intermediate,endurance,bilateral
Ipsilateral Dumbbell Split Squat,"Glutes, Quads, Abductors",Dumbbell,"Lunge, Ipsilateral (Same Side Arm & Leg)",Compound,Intermediate,strength,bilateral
Ipsilateral Kettlebell Split Squat,"Abductors, Glutes, Quads",Kettlebell,"Lunge, Ipsilateral (Same Side Arm & Leg)",Compound,Intermediate,strength,bilateral
Ispilateral Dead Bug,Abs,Bodyweight,"Core Anti-Extension, Ipsilateral (Same Side Arm & Leg), Alternating","",Beginner,endurance,bilateral
Ispilateral Knee Bent Dead Bug,Abs,Bodyweight,"Core Anti-Extension, Ipsilateral (Same Side Arm & Leg), Alternating","",Beginner,endurance,bilateral
Ispirated Lats,,,,,"",strength,bilateral
Kettlebell Renegade Row,"Abs, Lats, Middle Back, Shoulders",Kettlebell,"Horizontal Pull, Alternating",Compound,Advanced,strength,bilateral
Kettlebell Reverse Lunge with Overhead Press,"Abductors, Glutes, Quads, Shoulders",Kettlebell,"Lunge, Vertical Push, Contralateral (Opposite Side Arm & Leg)",Compound,Intermediate,strength,bilateral
Kettlebell Step Up,,,,,"",strength,bilateral
Kettlebell Subroos Carry,,,,,"",strength,bilateral
Kettlebell Subroos Hold,,,,,"",strength,bilateral
Kettlebell Suitcase Deadlift,"Obliques, Middle Back, Glutes, Hamstrings",Kettlebell,"Hip Hinge, Bilateral (2 Arms and/or 2 Legs), Unilateral (Single Arm or Leg)",Compound,Intermediate,strength,bilateral
Kettlebell Sumo Goblet Squat,"Adductors, Glutes, Quads",Kettlebell,"Squat, Bilateral (2 Arms and/or 2 Legs)",Compound,Intermediate,strength,bilateral
Kettlebell Swing,,,,,"",strength,bilateral
Kettlebell Swing To Squat,"Glutes, Hamstrings, Quads, Shoulders",Kettlebell,"Hip Hinge, Squat, Bilateral (2 Arms and/or 2 Legs)",Compound,Intermediate,strength,bilateral
Kettlebell To Side RDL,,,,,"",strength,bilateral
Kettlebell Walking Lunges,,,,,"",strength,bilateral
Kettlebell Windmill,,,,,"",strength,bilateral
Kettlebell Wrist Pronation,,,,,"",strength,bilateral
Kettlebell Wrist Supination,,,,,"",strength,bilateral
Knee Bent Dead Bug,Abs,Bodyweight,"Alternating, Contralateral (Opposite Side Arm & Leg), Core, Core Anti-Extension","",Beginner,endurance,bilateral
Knee Scissor Slack and Smash - Lacrosse,,,,,"",strength,bilateral
Knee Scissor Smash - Lacrosse,,,,,"",strength,bilateral
Kneeling Active Hip Stretch,,,,,"",strength,bilateral
Kneeling Adauc Lat Stretch,,,,,"",strength,bilateral
Kneeling Banded Hip Extension,,,,,"",strength,bilateral
Kneeling Hip Opener,Hip Flexor,Bodyweight,Static Stretches,"",Beginner,general,bilateral
Knees Bent Inverted TRX Row,"Biceps, Lats, Middle Back",TRX,"Horizontal Pull, Bilateral (2 Arms and/or 2 Legs)",Compound,Intermediate,endurance,bilateral
L-Lateral Raise,,,,,"",strength,bilateral
Landmine D Stance Hip Thrust,,,,,"",strength,bilateral
Landmine Meadows Row,"Middle Back, Traps, Posterior Shoulder",Landmine,"Horizontal Pull, Contralateral (Opposite Side Arm & Leg)",Compound,Beginner,strength,bilateral
Landmine RDL,,,,,"",strength,bilateral
Landmine Rear Foot Elevated Split Squat,"Abductors, Glutes, Quads",Landmine,"Lunge, Contralateral (Opposite Side Arm & Leg)",Compound,Intermediate,strength,bilateral
Landmine Reverse Lunge,"Abductors, Glutes, Quads",Landmine,"Lunge, Contralateral (Opposite Side Arm & Leg)",Compound,Intermediate,strength,bilateral
Landmine Rotations,,,,,"",strength,bilateral
Landmine Single-Leg Hip Thrust,,,,,"",strength,bilateral
Landmine Single-Leg RDL,,,,,"",strength,bilateral
Landmine Split Squat,"Abductors, Glutes, Quads",Landmine,"Lunge, Contralateral (Opposite Side Arm & Leg)",Compound,Intermediate,strength,bilateral
Landmine Squat,"Glutes, Quads",Landmine,"Squat, Bilateral (2 Arms and/or 2 Legs)",Compound,Intermediate,strength,bilateral
Lateral Banded Dead Bug,,,,,"",strength,bilateral
Lateral Step Up,,,,,"",strength,bilateral
Leg Extension Machine,,,,,"",strength,bilateral
Leg Lock Bridge,,,,,"",strength,bilateral
Leg Lock Clam,,,,,"",strength,bilateral
Leg Raise,,,,,"",strength,bilateral
Levator Scapulae Stretch,,,,,"",strength,bilateral
Loaded Chin Up,,,,,"",strength,bilateral
Loaded Close Grip Chin Up,,,,,"",strength,bilateral
Loaded Close Grip Pull Up,,,,,"",strength,bilateral
Loaded Dead Bug,Abs,"Dumbbell, Plate","Core Anti-Extension, Alternating, Core","",Intermediate,strength,bilateral
Loaded Neutral Grip Chin Up,,,,,"",strength,bilateral
Loaded Pull Up,,,,,"",strength,bilateral
Loaded Wide Grip Pull Up,,,,,"",strength,bilateral
Loft Pulley External Rotation,,,,,"",strength,bilateral
Lower Body Warm Up,,,,,"",strength,bilateral
Lunge Jump,"Glutes, Calves, Ankle & Foot, Quads, Adductors","","Lunge, Contralateral (Opposite Side Arm & Leg), Plyometrics",Compound,Intermediate,endurance,bilateral
Lunging Chest Throes,,,,,"",strength,bilateral
Lunging Figure Four Stretch,,,,,"",strength,bilateral
Lunging Knee to Chest Stretch,,,,,"",strength,bilateral
Machine Row - Neutral,"","","","",Beginner,strength,bilateral
Machine Row - Overhand,"","","","",Beginner,strength,bilateral
McGil Curl Up,Abs,Bodyweight,"Core Flexion, Core",Isolation,Beginner,endurance,bilateral
Medial Elbow Tack and Twist,,,,,"",strength,bilateral
Medicine Ball Crunch,,,,,"",strength,bilateral
Medicine Ball Plank,,,,,"",strength,bilateral
Medicine Ball Plank Alternating Knee To Chest,,,,,"",strength,bilateral
Medicine Ball Plank Knee To Chest,,,,,"",strength,bilateral
Medicine Ball Push Up,"Chest, Shoulders, Triceps","Medicine Ball, Bodyweight","Horizontal Push, Unilateral (Single Arm or Leg)",Compound,Intermediate,endurance,bilateral
Medicine Ball Slam From Knees,,,,,"",strength,bilateral
Mini Blind Bodyweight Bench Press,,,,,"",strength,bilateral
Mini Blind Leg Extension,,,,,"",strength,bilateral
Monkey Bar of Death,,,,,"",strength,bilateral
Mountain Climbers,,,,,"",strength,bilateral
Mystic Crunch,,,,,"",strength,bilateral
Negative Chin Up,,,,,"",strength,bilateral
Negative Close Grip Chin Up,,,,,"",strength,bilateral
Negative Pull Up,,,,,"",strength,bilateral
Negative Wide Grip Pull Up,,,,,"",strength,bilateral
Neutral Dumbbell Curl,Biceps,Dumbbell,"Elbow Flexion, Bilateral (2 Arms and/or 2 Legs)",Isolation,Beginner,strength,bilateral
Neutral Grip Chin Up,,,,,"",strength,bilateral
Nordic Hamstring Curl,,,,,"",strength,bilateral
Offset Barbell Reverse Lunge,,,,,"",strength,bilateral
Offset Carry - Kettlebell Suitcase,,,,,"",strength,bilateral
Overhead Distribution with External,,,,,"",strength,bilateral
Overhead Stretch,,,,,"",strength,bilateral
Partner Assisted Nordic Hamstring Curl,,,,,"",strength,bilateral
Paused Barbell Back Squat,"Quads, Glutes",Barbell,"Squat, Bilateral (2 Arms and/or 2 Legs)",Compound,Intermediate,strength,bilateral
Paused Dumbbell Goblet Box Squat,"Quads, Glutes","Box/Step, Bench, Dumbbell","Bilateral (2 Arms and/or 2 Legs), Squat",Compound,Beginner,strength,bilateral
Pec Stretch,,,,,"",strength,bilateral
Pendlay Row,"Lats, Middle Back, Biceps",Barbell,"Horizontal Pull, Bilateral (2 Arms and/or 2 Legs)",Compound,Intermediate,strength,bilateral
Pigeon Stretch,,,,,"",strength,bilateral
Plank Arm Reach,,,,,"",strength,bilateral
Plank Band Pulldown,,,,,"",strength,bilateral
Plank Cable Row,,,,,"",strength,bilateral
Plank Ext Plank Side Lying Hip,,,,,"",strength,bilateral
Plank Ext Range Side Lying Hip Abduction,,,,,"",strength,bilateral
Plank Pull Through,,,,,"",strength,bilateral
Plank with Leg Abduction,,,,,"",strength,bilateral
Plantar Mob - Lacrosse Ball,,,,,"",strength,bilateral
Planting Jacks,,,,,"",strength,bilateral
Plate Push Up,"Chest, Triceps, Shoulders",Plate,"Horizontal Push, Bilateral (2 Arms and/or 2 Legs)",Compound,Advanced,strength,bilateral
Plyometric Push-Up,"Chest, Shoulders, Triceps","Bodyweight, Box/Step","Plyometrics, Bilateral (2 Arms and/or 2 Legs), Horizontal Push",Compound,Advanced,endurance,bilateral
Posterior Chain Floss,,,,,"",strength,bilateral
Posterior Chain Floss - 2,,,,,"",strength,bilateral
Posterior Chain Moh,,,,,"",strength,bilateral
Posterior Neck Mobilisation - Lacrosse Ball,,,,,"",strength,bilateral
Pronated Bent Over Row,"Lower Back, Middle Back, Traps",Barbell,"Horizontal Pull, Bilateral (2 Arms and/or 2 Legs)",Compound,Intermediate,strength,bilateral
Pronated to Neutral Grip TRX Row,"Biceps, Middle Back, Lats, Traps",TRX,"Horizontal Pull, Bilateral (2 Arms and/or 2 Legs)",Compound,Beginner,endurance,bilateral
Prone Back Extension,,,,,"",strength,bilateral
Prone Dumbbell Overhead Press On Bench,,,,,"",strength,bilateral
Prone Overhead Press On Bench,,,,,"",strength,bilateral
Prone Shoulder External Rotation At 90 Degrees,,,,,"",strength,bilateral
Prone T,,,,,"",strength,bilateral
Prone TT - Elbows 90 Degrees,,,,,"",strength,bilateral
Prone Y,,,,,"",strength,bilateral
Pull Up,,,,,"",strength,bilateral
Push Up,"Chest, Shoulders, Triceps",Bodyweight,"Horizontal Push, Bilateral (2 Arms and/or 2 Legs)",Compound,Beginner,endurance,bilateral
Push Up From Knees,"Chest, Shoulders, Triceps",Bodyweight,"Horizontal Push, Bilateral (2 Arms and/or 2 Legs)",Compound,Beginner,endurance,bilateral
"Quadruped ""T""",,,,,"",strength,bilateral
Quadruped Ball Chin Tucks,,,,,"",strength,bilateral
"Quadruped Band ""T""",,,,,"",strength,bilateral
"Quadruped Band ""Y""",,,,,"",strength,bilateral
Quadruped Banded Scapular Retraction,,,,,"",strength,bilateral
Quadruped T Spine Rotations,,,,,"",strength,bilateral
Quadruped T Spine Rotations - Lumbar Locked (Roller),,,,,"",strength,bilateral
Quadruped X,,,,,"",strength,bilateral
RKC Plank,,,,,"",strength,bilateral
RNT Split Squat (Lateral),"Adductors, Glutes, Quads","Bodyweight, Long Band","Unilateral (Single Arm or Leg), Lunge",Compound,Beginner,endurance,bilateral
RNT Split Squat (Medial),"Abductors, Glutes, Quads","Bodyweight, Long Band","Lunge, Unilateral (Single Arm or Leg)",Compound,Beginner,endurance,bilateral
Rack Assisted Squat,,,,,"",strength,bilateral
Rack Kettlebell Reverse Lunge,"Abductors, Glutes, Quads",Kettlebell,"Lunge, Unilateral (Single Arm or Leg)",Compound,Intermediate,strength,bilateral
Rack Kettlebell Split Squat,"Abductors, Glutes, Quads",Kettlebell,"Lunge, Unilateral (Single Arm or Leg)",Compound,Intermediate,strength,bilateral
Rack Single Kettlebell Reverse Lunge,"Abductors, Glutes, Quads, Obliques",Kettlebell,"Lunge, Contralateral (Opposite Side Arm & Leg)",Compound,Intermediate,strength,bilateral
Rack Single Kettlebell Split Squat,"Abductors, Glutes, Quads",Kettlebell,"Lunge, Contralateral (Opposite Side Arm & Leg)",Compound,Intermediate,strength,bilateral
Rear Foot Elevated Single DB Split Squat,"Abductors, Glutes, Quads","Box/Step, Dumbbell","Lunge, Contralateral (Opposite Side Arm & Leg)",Compound,Intermediate,strength,bilateral
Rear Foot Elevated Single KB Split Squat,"Abductors, Glutes, Quads","Box/Step, Kettlebell","Lunge, Contralateral (Opposite Side Arm & Leg)",Compound,Intermediate,strength,bilateral
Reverse Crunch,,,,,"",strength,bilateral
Reverse Crunch On Bench,,,,,"",strength,bilateral
Reverse Crunch On Bench with Roller,,,,,"",strength,bilateral
Reverse Crunch With Roller,,,,,"",strength,bilateral
Reverse Lunge,"Abductors, Glutes, Quads",Bodyweight,"Lunge, Unilateral (Single Arm or Leg)",Compound,Beginner,endurance,bilateral
Reverse Nordic Curl,"Hip Flexor, Quads",Bodyweight,"Knee Flexion, Bilateral (2 Arms and/or 2 Legs)",Isolation,Intermediate,strength,bilateral
Reverse Plank,,,,,"",strength,bilateral
Rope Neutral Curl,"","","","",Beginner,strength,bilateral
Rope Pressdown,,,,,"",strength,bilateral
Rope Supinating Curl,,,,,"",strength,bilateral
Russian Twists,,,,,"",strength,bilateral
Scissor Jump,,,,,"",strength,bilateral
Seated Alternating Arnold Press,,,,,"",strength,bilateral
Seated Alternating Dumbbell Curl,Biceps,"Dumbbell, Bench","Elbow Flexion, Alternating",Isolation,Beginner,strength,bilateral
Seated Alternating Dumbbell Neutral,,,,,"",strength,bilateral
Seated Alternating Neutral Dumbbell Curl,Biceps,"Dumbbell, Bench","Elbow Flexion, Alternating",Isolation,Beginner,strength,bilateral
Seated Arnold Press,,,,,"",strength,bilateral
Seated Band One Arm Row,"Lats, Middle Back, Biceps",Long Band,"Horizontal Pull, Unilateral (Single Arm or Leg)",Compound,Beginner,endurance,bilateral
Seated Barbell Press,,,,,"",strength,bilateral
Seated Bent-Over Dumbbell Reverse Fly,,,,,"",strength,bilateral
Seated Chain Retractions,,,,,"",strength,bilateral
Seated Dowel Thoracic Rotations,,,,,"",strength,bilateral
Seated Dual Cable Row,"Biceps, Lats, Middle Back","Cable, Bench","Horizontal Pull, Bilateral (2 Arms and/or 2 Legs)",Compound,Beginner,strength,bilateral
Seated Dual Pulley Face Pull,,,,,"",strength,bilateral
Seated Dumbbell Curl,Biceps,"Bench, Dumbbell","Elbow Flexion, Bilateral (2 Arms and/or 2 Legs)",Isolation,Beginner,strength,bilateral
Seated Dumbbell Frontal Raise,,,,,"",strength,bilateral
Seated Dumbbell Lateral Raise,,,,,"",strength,bilateral
Seated Dumbbell Neural Grip Press,,,,,"",strength,bilateral
Seated Dumbbell Troep Extension,,,,,"",strength,bilateral
Seated Dumbbell Troep Extension - Pronating,,,,,"",strength,bilateral
Seated EZ Bar Troep Extension,,,,,"",strength,bilateral
Seated Neutral Grip Chin Up,,,,,"",strength,bilateral
Seated Rope Neutral Grip Pull,,,,,"",strength,bilateral
Seated Rope Pull,,,,,"",strength,bilateral
Seated Straight Bar Row,"Middle Back, Traps, Posterior Shoulder","Cable, Bench","Horizontal Pull, Bilateral (2 Arms and/or 2 Legs)",Compound,Beginner,strength,bilateral
Seated Trap Bar Overhead Press,,,,,"",strength,bilateral
Shoulder Capsule Mobilization,,,,,"",strength,bilateral
Shoulder Rolls,,,,,"",strength,bilateral
Shoulder Rotator (1): Smooth & Floss - Lacrosse,,,,,"",strength,bilateral
Shoulder Rotator (2): Smooth & Floss - Lacrosse,,,,,"",strength,bilateral
Shoulder Scretch,,,,,"",strength,bilateral
Shoulder Taps,,,,,"",strength,bilateral
Side Hip Snatch - Lacrosse Ball,,,,,"",strength,bilateral
Side Lying Dumbbell Abduction to 45°,,,,,"",strength,bilateral
Side Lying Hip Raise,,,,,"",strength,bilateral
Side Plank,"Abs, Obliques",Bodyweight,"Core Anti-Lateral Flexion, Unilateral (Single Arm or Leg), Core","",Beginner,endurance,bilateral
Side Plank,,,,,"",strength,bilateral
Side Plank Cable/Band Row,"Lats, Middle Back, Obliques","Cable, Long Band","Horizontal Pull, Unilateral (Single Arm or Leg), Core, Core Anti-Rotation, Core Anti-Lateral Flexion",Compound,Intermediate,strength,bilateral
Side Plank Claimshelf,,,,,"",strength,bilateral
Side-Lying Dumbbell External Rotation,,,,,"",strength,bilateral
Side-Lying Dumbbell Rear Delt Raise,,,,,"",strength,bilateral
Side-to Side Leg Swings,,,,,"",strength,bilateral
Single Arm Cable Drag Curl,,,,,"",strength,bilateral
Single Arm Cube Dumbbell Press,,,,,"",strength,bilateral
Single Arm Dumbbell Floor Press,,,,,"",strength,bilateral
Single Arm Dumbbell Press,,,,,"",strength,bilateral
Single Arm Dumbbell Renegade Row,"Abs, Lats, Middle Back, Shoulders","Box/Step, Dumbbell","Horizontal Pull, Core Anti-Rotation, Unilateral (Single Arm or Leg)",Compound,Advanced,strength,bilateral
Single Arm Dumbbell Row,"Lats, Middle Back","Bench, Dumbbell","Horizontal Pull, Unilateral (Single Arm or Leg)",Compound,Beginner,strength,bilateral
Single Arm Incline Dumbbell Press,,,,,"",strength,bilateral
Single Arm Kettlebell Renegade Row,"Abs, Middle Back, Lats, Shoulders","Dumbbell, Box/Step","Horizontal Pull, Core Anti-Rotation, Unilateral (Single Arm or Leg)",Compound,Advanced,strength,bilateral
Single Arm Kettlebell Row,"Lats, Middle Back",Kettlebell,"Horizontal Pull, Unilateral (Single Arm or Leg)",Compound,Beginner,strength,bilateral
Single Arm Kettlebell Swing,,,,,"",strength,bilateral
Single Arm Neutral Cable Curl,,,,,"",strength,bilateral
Single Arm Neutral Dumbbell Overhead Press,,,,,"",strength,bilateral
Single Arm Overhead Kettlebell Carry,,,,,"",strength,bilateral
Single Arm Overhead Kettlebell Hold,,,,,"",strength,bilateral
Single Dumbbell Deficit Reverse Lunge,"Abductors, Glutes, Quads","Box/Step, Dumbbell","Lunge, Contralateral (Opposite Side Arm & Leg)",Compound,Intermediate,strength,bilateral
Single Dumbbell Lateral Step Up,,,,,"",strength,bilateral
Single Dumbbell Lunge,"Abductors, Glutes, Quads",Dumbbell,"Lunge, Contralateral (Opposite Side Arm & Leg)",Compound,Intermediate,strength,bilateral
Single Dumbbell Neutral Scott Curl,Biceps,"Bench, Dumbbell","Elbow Flexion, Unilateral (Single Arm or Leg)",Isolation,Beginner,strength,bilateral
Single Dumbbell Reverse Lunge,"Abductors, Glutes, Quads",Dumbbell,"Lunge, Contralateral (Opposite Side Arm & Leg)",Compound,Intermediate,strength,bilateral
Single Dumbbell Scott Curl,Biceps,"Dumbbell, Bench","Elbow Flexion, Unilateral (Single Arm or Leg)",Isolation,Beginner,strength,bilateral
Single Dumbbell Step Up,,,,,"",strength,bilateral
Single Handle Cable Curl,,,,,"",strength,bilateral
Single Handle Neutral Cable Curl,"","","","",Beginner,strength,bilateral
Single Handle Reverse Cable Curl,,,,,"",strength,bilateral
Single Kettlebell Clean and Reverse Lunge,"Abductors, Glutes, Quads, Shoulders, Traps",Kettlebell,"Lunge, Vertical Push, Contralateral (Opposite Side Arm & Leg)",Compound,Intermediate,strength,bilateral
Single Kettlebell Deficit Reverse Lunge,"Abductors, Glutes, Quads","Box/Step, Kettlebell","Lunge, Contralateral (Opposite Side Arm & Leg)",Compound,Intermediate,strength,bilateral
Single Kettlebell Lateral Step Up,,,,,"",strength,bilateral
Single Kettlebell Lunge,"Abductors, Glutes, Quads",Kettlebell,"Lunge, Contralateral (Opposite Side Arm & Leg)",Compound,Beginner,strength,bilateral
Single Kettlebell Push Press,Shoulders,Kettlebell,"Vertical Push, Unilateral (Single Arm or Leg)",Compound,Intermediate,strength,bilateral
Single Kettlebell Rock Carry,,,,,"",strength,bilateral
Single Leg Flexion & External Rotation,,,,,"",strength,bilateral
Single Leg Flexion With External,,,,,"",strength,bilateral
Single Leg Hamstring Curl,,,,,"",strength,bilateral
Single Leg Hip Raise,,,,,"",strength,bilateral
Single Leg Hip Raise - Am Bind,,,,,"",strength,bilateral
Single Leg Kettlebell Glute Bridge,,,,,"",strength,bilateral
Single Leg RDL,,,,,"",strength,bilateral
Single Leg RDL (Sled encozted),,,,,"",strength,bilateral
Single Leg RDL - Skin On Bench,,,,,"",strength,bilateral
Single Leg Straight Arm and Knee,,,,,"",strength,bilateral
Single Leg Straight Straight,,,,,"",strength,bilateral
Single-Arm Dumbbell Row (High Pull),"Posterior Shoulder, Middle Back","Dumbbell, Box/Step, Bench","Horizontal Pull, Unilateral (Single Arm or Leg)",Compound,Beginner,strength,bilateral
Single-Arm Machine Row,"","","","",Beginner,strength,bilateral
Single-Leg Dumbbell RDL To Row,"Abs, Abductors, Lats, Middle Back, Glutes, Lower Back",Dumbbell,"Horizontal Pull, Hip Hinge, Contralateral (Opposite Side Arm & Leg)",Compound,Advanced,strength,bilateral
Single-Leg Kettlebell RDL,,,,,"",strength,bilateral
Single-Leg Kettlebell RDL To Row,"Abs, Abductors, Glutes, Hamstrings, Lats, Middle Back, Lower Back",Kettlebell,"Hip Hinge, Contralateral (Opposite Side Arm & Leg)",Compound,Advanced,strength,bilateral
Single-Leg Press (Heel Off),"","","","",Beginner,strength,bilateral
Sit Erg,,,,,"",strength,bilateral
Sliding Leg Curl,Hamstrings,Bodyweight,"Knee Flexion, Bilateral (2 Arms and/or 2 Legs)",Isolation,Beginner,endurance,bilateral
Smith Machine Hip Thrust,,,,,"",strength,bilateral
Snatch Grip Barbell RDL,,,,,"",strength,bilateral
Split Stance Band Single Arm Curl,Biceps,Long Band,"Elbow Flexion, Unilateral (Single Arm or Leg)",Isolation,Beginner,endurance,bilateral
Split Stance Band Single Arm Row,"Biceps, Lats, Middle Back",Long Band,"Horizontal Pull, Unilateral (Single Arm or Leg)",Compound,Beginner,endurance,bilateral
Split Stance Band Single Triceps Extension,Triceps,Long Band,"Elbow Extension, Unilateral (Single Arm or Leg)",Isolation,Beginner,endurance,bilateral
Split Stance Cable Row,"Biceps, Lats, Middle Back",Cable,"Horizontal Pull, Unilateral (Single Arm or Leg)",Compound,Beginner,strength,bilateral
Split Stance Dumbbell Row,"Middle Back, Lats, Biceps","Dumbbell, Bench, Box/Step","Horizontal Pull, Unilateral (Single Arm or Leg)",Compound,Intermediate,strength,bilateral
Split Stance Pallof Press,,,,,"",strength,bilateral
Split Stance Pallof Press Hold,,,,,"",strength,bilateral
Split Stance Pull Press,,,,,"",strength,bilateral
Split Stance Single Arm Trap 3 Raise,,,,,"",strength,bilateral
Split Stance Single Crab Neck Press Hold,,,,,"",strength,bilateral
Split Stance Single Leg Raise,,,,,"",strength,bilateral
Split Suance Cable Single Crab Press,,,,,"",strength,bilateral
Splitter Calf Stretch,,,,,"",strength,bilateral
Squat Jump,"Quads, Glutes, Calves, Ankle & Foot",Bodyweight,"Squat, Plyometrics, Bilateral (2 Arms and/or 2 Legs)",Compound,Intermediate,endurance,bilateral
Standing Alternating Dumbbell Press,,,,,"",strength,bilateral
Standing Alternating Kettlebell Press,,,,,"",strength,bilateral
Standing Band Overhead Triceps Extension,Triceps,Long Band,"Elbow Extension, Bilateral (2 Arms and/or 2 Legs)",Isolation,Beginner,endurance,bilateral
Standing Band Shoulder Press,,,,,"",strength,bilateral
Standing Banded Clam,,,,,"",strength,bilateral
Standing Banded Single Hip Flexion,,,,,"",strength,bilateral
Standing Cable Cuff Lateral Raise,,,,,"",strength,bilateral
Standing Calf Raise,,,,,"",strength,bilateral
Standing Dumbbell Calf Raise,,,,,"",strength,bilateral
Standing Dumbbell Lateral Raise,,,,,"",strength,bilateral
Standing Dumbbell Push Press,Shoulders,Dumbbell,"Vertical Push, Bilateral (2 Arms and/or 2 Legs)",Compound,Intermediate,strength,bilateral
Standing Dumbbell Single Calf Raise,,,,,"",strength,bilateral
Standing Kettlebell Press,,,,,"",strength,bilateral
Standing Lateral Calf Stretch,,,,,"",strength,bilateral
Standing Pallof Press,,,,,"",strength,bilateral
Standing Pallof Press Hold,,,,,"",strength,bilateral
Standing Single Arm Dumbbell Press,,,,,"",strength,bilateral
Standing Single Calf Raise,,,,,"",strength,bilateral
Straight Arm Side Plank,,,,,"",strength,bilateral
Straight Arm Side Plank Cable/Band Row,"Obliques, Middle Back, Lats","Cable, Long Band","Horizontal Pull, Core Anti-Lateral Flexion, Core Anti-Rotation, Unilateral (Single Arm or Leg)",Compound,Intermediate,strength,bilateral
Straight Arm Side Plank Twist,,,,,"",strength,bilateral
Straight Arm Side Plank With Band And Hold,,,,,"",strength,bilateral
Straight Arm and Knee Side Plank,,,,,"",strength,bilateral
Straight Bar Pressdown,,,,,"",strength,bilateral
Straight Leg Swing,,,,,"",strength,bilateral
Sumo Kettlebell Deadlift,"Hamstrings, Glutes, Adductors, Middle Back",Kettlebell,"Hip Hinge, Bilateral (2 Arms and/or 2 Legs)",Compound,Intermediate,strength,bilateral
Sun Salutations,,,,,"",strength,bilateral
Super Front Rack,,,,,"",strength,bilateral
Superfrog,,,,,"",strength,bilateral
Supinated Bent Over Row,,,,,"",strength,bilateral
Supine Biceps Femouris Stretch,,,,,"",strength,bilateral
Supine Chin Retractions,,,,,"",strength,bilateral
Supine Foam Hands Banded Hip Abduction,,,,,"",strength,bilateral
Supracellular Smash and Floss - Lacrosse,,,,,"",strength,bilateral
Suspension Trainer Triceps Extension,,,,,"",strength,bilateral
Swiss Ball Body Saw,"","","","",Beginner,strength,bilateral
Swiss Ball Deadbug,"","","","",Beginner,strength,bilateral
Swiss Ball Leg Curl,Hamstrings,Swiss Ball,"Knee Flexion, Bilateral (2 Arms and/or 2 Legs)",Isolation,Intermediate,endurance,bilateral
Swiss Ball Leg Raise,,,,,"",strength,bilateral
Swiss Ball Plank,,,,,"",strength,bilateral
Swiss Ball Rollouts,,,,,"",strength,bilateral
Swiss Ball Single-Leg Curl,Hamstrings,Swiss Ball,"Knee Flexion, Unilateral (Single Arm or Leg)",Isolation,Intermediate,endurance,bilateral
Swiss Ball To Hip Delt,,,,,"",strength,bilateral
"T, Y, T's",,,,,"",strength,bilateral
TRX Atomic Push-Up,"Chest, Shoulders, Triceps, Abs",TRX,"Horizontal Push, Core Anti-Extension, Bilateral (2 Arms and/or 2 Legs), Core",Compound,Intermediate,endurance,bilateral
TRX Biceps Stretch,Biceps,TRX,Static Stretches,"",Beginner,general,bilateral
TRX Body Saw,Abs,TRX,"Core Anti-Extension, Bilateral (2 Arms and/or 2 Legs)","",Intermediate,endurance,bilateral
TRX Chest Press,"Chest, Triceps, Shoulders",TRX,Bilateral (2 Arms and/or 2 Legs),Compound,Beginner,endurance,bilateral
TRX Chest Stretch,"Chest, Shoulders",TRX,Static Stretches,"",Beginner,general,bilateral
TRX Fly,Chest,TRX,"Horizontal Push, Bilateral (2 Arms and/or 2 Legs)",Isolation,Beginner,endurance,bilateral
TRX Hamstring Curl,,,,,"",strength,bilateral
TRX Knees To Chest,Abs,TRX,"Core Anti-Extension, Bilateral (2 Arms and/or 2 Legs)","",Intermediate,endurance,bilateral
TRX Knees To Elbow,"Abs, Obliques",TRX,"Core Flexion, Alternating","",Intermediate,endurance,bilateral
TRX Lat Stretch,Lats,TRX,Static Stretches,"",Beginner,general,bilateral
TRX Neutral Row,"Biceps, Middle Back, Lats",TRX,"Horizontal Pull, Bilateral (2 Arms and/or 2 Legs)",Compound,Beginner,endurance,bilateral
TRX Pike,Abs,"","Core Anti-Extension, Core, Bilateral (2 Arms and/or 2 Legs)","",Intermediate,endurance,bilateral
TRX Plank,Abs,TRX,"Core Anti-Extension, Bilateral (2 Arms and/or 2 Legs), Core","",Intermediate,timed,bilateral
TRX Pronated Row,"Middle Back, Traps, Posterior Shoulder",TRX,"Horizontal Pull, Bilateral (2 Arms and/or 2 Legs)",Compound,Beginner,endurance,bilateral
TRX Pull Up,"Middle Back, Biceps, Lats",TRX,Vertical Pull,Compound,Beginner,endurance,bilateral
TRX Reverse Fly,"","","","",Beginner,strength,bilateral
TRX Reverse Lunge,"Abductors, Glutes, Quads",TRX,"Lunge, Unilateral (Single Arm or Leg)",Compound,Intermediate,endurance,bilateral
TRX Side Plank,"Abs, Obliques",TRX,"Core Anti-Lateral Flexion, Unilateral (Single Arm or Leg)","",Intermediate,timed,bilateral
TRX Side Plank Knee to Chest,"Abs, Obliques",TRX,"Core Anti-Lateral Flexion, Unilateral (Single Arm or Leg)","",Advanced,endurance,bilateral
TRX Single Knee To Chest,Abs,TRX,"Core Anti-Extension, Alternating","",Intermediate,endurance,bilateral
TRX Squat,"Glutes, Quads",TRX,"Squat, Bilateral (2 Arms and/or 2 Legs)",Compound,Beginner,endurance,bilateral
TRX Straight Arm Plank,"Abs, Shoulders",TRX,"Core Anti-Extension, Bilateral (2 Arms and/or 2 Legs), Core","",Intermediate,timed,bilateral
TRX Triceps Extension,"","","","",Beginner,strength,bilateral
Table Top Stretch,Shoulders,Bodyweight,Static Stretches,"",Beginner,general,bilateral
Talus Raise,,,,,"",strength,bilateral
Tempo Knee Extension,,,,,"",strength,bilateral
Thoracic Spine - Peanut,,,,,"",strength,bilateral
Thread The Needle Hold,,,,,"",strength,bilateral
Thumb and Hand Squeeze - Lacrosse Ball,,,,,"",strength,bilateral
Thumb and Hand Squeeze and Floss - Lacrosse,,,,,"",strength,bilateral
Tibialis Raise,,,,,"",strength,bilateral
Tibialis Raise,"","","","",Beginner,strength,bilateral
Tip Toe Walks,"","","","",Beginner,strength,bilateral
Toe Elevated Kettlebell RDL,,,,,"",strength,bilateral
Toe Touch Progression,,,,,"",strength,bilateral
Towel Sequences,,,,,"",strength,bilateral
Trap Bar Bent Over Row,"Lower Back, Middle Back, Lats",Barbell,"Horizontal Pull, Bilateral (2 Arms and/or 2 Legs)",Compound,Intermediate,strength,bilateral
Trap Bar Carry,"Abs, Traps",Barbell,"Carry, Core Anti-Flexion, Bilateral (2 Arms and/or 2 Legs)","",Intermediate,strength,bilateral
Trap Bar Deadlift,"Hamstrings, Middle Back, Glutes",Barbell,"Hip Hinge, Bilateral (2 Arms and/or 2 Legs)",Compound,Intermediate,strength,bilateral
Trap Bar Deadlift From Blocks,"Glutes, Hamstrings, Middle Back",Barbell,"Hip Hinge, Bilateral (2 Arms and/or 2 Legs)",Compound,Intermediate,strength,bilateral
Trap Bar Deadlift and Carry,"Abs, Traps",Barbell,"Core Anti-Flexion, Bilateral (2 Arms and/or 2 Legs), Core, Carry","",Intermediate,strength,bilateral
Trap Bar RDL,"Lower Back, Hamstrings, Glutes",Barbell,"Hip Hinge, Bilateral (2 Arms and/or 2 Legs)",Compound,Intermediate,strength,bilateral
Treadmill Sprints,,,,,"",strength,bilateral
Triple Bully,,,,,"",strength,bilateral
Trunk Stability Rotation Knees Fixed,,,,,"",strength,bilateral
Underhand Chest Supported Cable Row,,,,,"",strength,bilateral
Underhand Handle Press Down,,,,,"",strength,bilateral
Underhand Rope Pressdown,,,,,"",strength,bilateral
Underhand Seated Cable Row (Straight Bar),,,,,"",strength,bilateral
Upper Body Warm Up (Push Focused),,,,,"",strength,bilateral
Upper Trap Stretch,,,,,"",strength,bilateral
Walking Lunges,,,,,"",strength,bilateral
Walkout,,,,,"",strength,bilateral
Walkout Assisted Hamstring Stretch,,,,,"",strength,bilateral
Weighted Flutter Kicks,,,,,"",strength,bilateral
Weighted Russian Twists,,,,,"",strength,bilateral
Weighted Seated Heel Raise,,,,,"",strength,bilateral
Wide Grip Pull Up,,,,,"",strength,bilateral
Worlds Greatest Stretch,,,,,"",strength,bilateral
Wrist Sequence - Lacrosse Ball,,,,,"",strength,bilateral
